<?xml version="1.0" encoding="UTF-8"?><module codename="org.netbeans.modules.autoupdate.services">
    <module_version install_time="1475404429995" last="true" origin="installer" specification_version="1.47.2">
        <file crc="83784818" name="config/Modules/org-netbeans-modules-autoupdate-services.xml"/>
        <file crc="139401033" name="modules/ext/locale/updater_ja.jar"/>
        <file crc="1700045233" name="modules/ext/locale/updater_zh_CN.jar"/>
        <file crc="4123474644" name="modules/ext/updater.jar"/>
        <file crc="4146583667" name="modules/locale/org-netbeans-modules-autoupdate-services_ja.jar"/>
        <file crc="3264426270" name="modules/locale/org-netbeans-modules-autoupdate-services_zh_CN.jar"/>
        <file crc="902587403" name="modules/org-netbeans-modules-autoupdate-services.jar"/>
    </module_version>
</module>
