<?xml version="1.0" encoding="UTF-8"?><module codename="org.netbeans.bootstrap/1">
    <module_version install_time="1518110496742" last="true" origin="installer" specification_version="2.77">
        <file crc="2590173112" name="lib/boot.jar"/>
        <file crc="2831643197" name="lib/locale/boot_ja.jar"/>
        <file crc="3493123122" name="lib/locale/boot_zh_CN.jar"/>
        <file crc="2204427180" name="lib/nbexec"/>
        <file crc="3625622304" name="lib/nbexec.dll"/>
        <file crc="781033326" name="lib/nbexec.exe"/>
        <file crc="1403128300" name="lib/nbexec64.dll"/>
        <file crc="3819579501" name="lib/nbexec64.exe"/>
    </module_version>
</module>
