<?xml version="1.0" encoding="UTF-8"?><module codename="org.netbeans.modules.autoupdate.services">
    <module_version install_time="1518110541525" last="true" origin="installer" specification_version="1.53">
        <file crc="83784818" name="config/Modules/org-netbeans-modules-autoupdate-services.xml"/>
        <file crc="1065005158" name="modules/ext/locale/updater_ja.jar"/>
        <file crc="3232829820" name="modules/ext/locale/updater_zh_CN.jar"/>
        <file crc="1614015075" name="modules/ext/updater.jar"/>
        <file crc="1047930113" name="modules/locale/org-netbeans-modules-autoupdate-services_ja.jar"/>
        <file crc="160633716" name="modules/locale/org-netbeans-modules-autoupdate-services_zh_CN.jar"/>
        <file crc="2438285501" name="modules/org-netbeans-modules-autoupdate-services.jar"/>
    </module_version>
</module>
