<?xml version="1.0" encoding="UTF-8"?><module codename="org.netbeans.modules.autoupdate.services">
    <module_version install_time="1510764186480" last="true" origin="installer" specification_version="1.53">
        <file crc="83784818" name="config/Modules/org-netbeans-modules-autoupdate-services.xml"/>
        <file crc="996165295" name="modules/ext/locale/updater_ja.jar"/>
        <file crc="3001495783" name="modules/ext/locale/updater_zh_CN.jar"/>
        <file crc="413482052" name="modules/ext/updater.jar"/>
        <file crc="1533779398" name="modules/locale/org-netbeans-modules-autoupdate-services_ja.jar"/>
        <file crc="3694860159" name="modules/locale/org-netbeans-modules-autoupdate-services_zh_CN.jar"/>
        <file crc="1247970243" name="modules/org-netbeans-modules-autoupdate-services.jar"/>
    </module_version>
</module>
