<?xml version="1.0" encoding="UTF-8"?><module codename="org.netbeans.lib.profiler/1">
    <module_version install_time="1475404536864" last="true" origin="installer" specification_version="1.59.4">
        <file crc="2155818874" name="config/Modules/org-netbeans-lib-profiler.xml"/>
        <file crc="234665894" name="lib/deployed/jdk15/hpux-pa_risc2.0/libprofilerinterface.sl"/>
        <file crc="2819309556" name="lib/deployed/jdk15/hpux-pa_risc2.0w/libprofilerinterface.sl"/>
        <file crc="4250436558" name="lib/deployed/jdk15/linux-amd64/libprofilerinterface.so"/>
        <file crc="388864024" name="lib/deployed/jdk15/linux/libprofilerinterface.so"/>
        <file crc="1788361604" name="lib/deployed/jdk15/mac/libprofilerinterface.jnilib"/>
        <file crc="3868160751" name="lib/deployed/jdk15/solaris-amd64/libprofilerinterface.so"/>
        <file crc="289258321" name="lib/deployed/jdk15/solaris-i386/libprofilerinterface.so"/>
        <file crc="3657290868" name="lib/deployed/jdk15/solaris-sparc/libprofilerinterface.so"/>
        <file crc="3530261859" name="lib/deployed/jdk15/solaris-sparcv9/libprofilerinterface.so"/>
        <file crc="4102345355" name="lib/deployed/jdk15/windows-amd64/profilerinterface.dll"/>
        <file crc="2151308316" name="lib/deployed/jdk15/windows-amd64/profilerinterface.map"/>
        <file crc="2005682264" name="lib/deployed/jdk15/windows/profilerinterface.dll"/>
        <file crc="2130569783" name="lib/deployed/jdk15/windows/profilerinterface.map"/>
        <file crc="3099165103" name="lib/deployed/jdk16/hpux-pa_risc2.0/libprofilerinterface.sl"/>
        <file crc="2258844309" name="lib/deployed/jdk16/hpux-pa_risc2.0w/libprofilerinterface.sl"/>
        <file crc="1296551407" name="lib/deployed/jdk16/linux-amd64/libprofilerinterface.so"/>
        <file crc="550331074" name="lib/deployed/jdk16/linux-arm-vfp-hflt/libprofilerinterface.so"/>
        <file crc="2418340544" name="lib/deployed/jdk16/linux-arm/libprofilerinterface.so"/>
        <file crc="2998781249" name="lib/deployed/jdk16/linux/libprofilerinterface.so"/>
        <file crc="2830954742" name="lib/deployed/jdk16/mac/libprofilerinterface.jnilib"/>
        <file crc="3422907352" name="lib/deployed/jdk16/solaris-amd64/libprofilerinterface.so"/>
        <file crc="2226026745" name="lib/deployed/jdk16/solaris-i386/libprofilerinterface.so"/>
        <file crc="3937619270" name="lib/deployed/jdk16/solaris-sparc/libprofilerinterface.so"/>
        <file crc="1381741082" name="lib/deployed/jdk16/solaris-sparcv9/libprofilerinterface.so"/>
        <file crc="2501366305" name="lib/deployed/jdk16/windows-amd64/profilerinterface.dll"/>
        <file crc="1615965557" name="lib/deployed/jdk16/windows-amd64/profilerinterface.map"/>
        <file crc="294907646" name="lib/deployed/jdk16/windows/profilerinterface.dll"/>
        <file crc="3201601661" name="lib/deployed/jdk16/windows/profilerinterface.map"/>
        <file crc="2851042137" name="lib/jfluid-server-15.jar"/>
        <file crc="4292315952" name="lib/jfluid-server.jar"/>
        <file crc="2480999039" name="lib/locale/jfluid-server_ja.jar"/>
        <file crc="2023137754" name="lib/locale/jfluid-server_zh_CN.jar"/>
        <file crc="838452061" name="modules/locale/org-netbeans-lib-profiler_ja.jar"/>
        <file crc="501551628" name="modules/locale/org-netbeans-lib-profiler_zh_CN.jar"/>
        <file crc="1901439665" name="modules/org-netbeans-lib-profiler.jar"/>
    </module_version>
</module>
