<?xml version="1.0" encoding="UTF-8"?><module codename="org.netbeans.libs.nbi.ant">
    <module_version install_time="1603815868879" last="true" origin="installer" specification_version="1.29">
        <file crc="55657938" name="config/Modules/org-netbeans-libs-nbi-ant.xml"/>
        <file crc="2072521801" name="modules/ext/nbi-ant-tasks.jar"/>
        <file crc="246716867" name="modules/ext/nbi-registries-management.jar"/>
        <file crc="3755108647" name="modules/org-netbeans-libs-nbi-ant.jar"/>
        <file crc="4264964434" name="nbi/.common/common.properties"/>
        <file crc="2182362675" name="nbi/.common/common.xml"/>
        <file crc="259541933" name="nbi/.common/engine.properties"/>
        <file crc="2464580496" name="nbi/.common/engine.xml"/>
        <file crc="2158914998" name="nbi/.common/group.properties"/>
        <file crc="2068275967" name="nbi/.common/group.xml"/>
        <file crc="2967434680" name="nbi/.common/product.properties"/>
        <file crc="2122414532" name="nbi/.common/product.xml"/>
        <file crc="1579859060" name="nbi/stub/build.properties"/>
        <file crc="2610593048" name="nbi/stub/build.xml"/>
        <file crc="1866837110" name="nbi/stub/ext/components/products/helloworld/build.xml"/>
        <file crc="721509617" name="nbi/stub/ext/components/products/helloworld/data/Bundle.properties"/>
        <file crc="593468526" name="nbi/stub/ext/components/products/helloworld/data/icon.png"/>
        <file crc="1700504758" name="nbi/stub/ext/components/products/helloworld/data/icon48.png"/>
        <file crc="1761515161" name="nbi/stub/ext/components/products/helloworld/manifest.mf"/>
        <file crc="1667142793" name="nbi/stub/ext/components/products/helloworld/nbproject/build-impl.xml"/>
        <file crc="4281027625" name="nbi/stub/ext/components/products/helloworld/nbproject/genfiles.properties"/>
        <file crc="3700366583" name="nbi/stub/ext/components/products/helloworld/nbproject/project.properties"/>
        <file crc="3034541000" name="nbi/stub/ext/components/products/helloworld/nbproject/project.xml"/>
        <file crc="2171495554" name="nbi/stub/ext/components/products/helloworld/src/org/mycompany/Bundle.properties"/>
        <file crc="2752699428" name="nbi/stub/ext/components/products/helloworld/src/org/mycompany/ConfigurationLogic.java"/>
        <file crc="3212844993" name="nbi/stub/ext/components/products/helloworld/src/org/mycompany/wizard.xml"/>
        <file crc="3581043464" name="nbi/stub/ext/components/products/helloworld/src/org/mycompany/wizard/panels/Bundle.properties"/>
        <file crc="783658981" name="nbi/stub/ext/components/products/helloworld/src/org/mycompany/wizard/panels/HelloWorldPanel.java"/>
        <file crc="1637074894" name="nbi/stub/ext/engine/build.properties"/>
        <file crc="3613986754" name="nbi/stub/ext/engine/build.xml"/>
        <file crc="1737427026" name="nbi/stub/ext/engine/manifest.mf"/>
        <file crc="2401327545" name="nbi/stub/ext/engine/nbproject/build-impl.xml"/>
        <file crc="3197588034" name="nbi/stub/ext/engine/nbproject/genfiles.properties"/>
        <file crc="2524599906" name="nbi/stub/ext/engine/nbproject/project.properties"/>
        <file crc="2614352264" name="nbi/stub/ext/engine/nbproject/project.xml"/>
        <file crc="2380037263" name="nbi/stub/ext/engine/src/data/engine.properties"/>
        <file crc="2592399303" name="nbi/stub/ext/engine/src/native/launcher/unix/i18n/launcher.properties"/>
        <file crc="1353667219" name="nbi/stub/ext/engine/src/native/launcher/windows/i18n/launcher.properties"/>
        <file crc="2570432946" name="nbi/stub/ext/engine/src/org/mycompany/installer/utils/applications/Bundle.properties"/>
        <file crc="3789097446" name="nbi/stub/ext/engine/src/org/mycompany/installer/utils/applications/NetBeansRCPUtils.java"/>
        <file crc="2593579618" name="nbi/stub/ext/engine/src/org/mycompany/installer/wizard/components/actions/Bundle.properties"/>
        <file crc="1731174931" name="nbi/stub/ext/engine/src/org/mycompany/installer/wizard/components/actions/InitializeAction.java"/>
        <file crc="3273231567" name="nbi/stub/ext/engine/src/org/mycompany/installer/wizard/components/panels/Bundle.properties"/>
        <file crc="3100713469" name="nbi/stub/ext/engine/src/org/mycompany/installer/wizard/components/panels/PostInstallSummaryPanel.java"/>
        <file crc="110865660" name="nbi/stub/ext/engine/src/org/mycompany/installer/wizard/components/panels/PreInstallSummaryPanel.java"/>
        <file crc="3354963762" name="nbi/stub/ext/engine/src/org/mycompany/installer/wizard/components/panels/WelcomePanel.java"/>
        <file crc="2194536363" name="nbi/stub/ext/engine/src/org/mycompany/installer/wizard/components/panels/resources/welcome-left-bottom.png"/>
        <file crc="1907745537" name="nbi/stub/ext/engine/src/org/mycompany/installer/wizard/components/panels/resources/welcome-left-top.png"/>
        <file crc="4238865948" name="nbi/stub/ext/engine/src/org/mycompany/installer/wizard/components/sequences/Bundle.properties"/>
        <file crc="184747161" name="nbi/stub/ext/engine/src/org/mycompany/installer/wizard/components/sequences/MainSequence.java"/>
        <file crc="3322352112" name="nbi/stub/ext/engine/src/org/mycompany/installer/wizard/wizard-components.xml"/>
        <file crc="639617652" name="nbi/stub/ext/engine/src/org/mycompany/installer/wizard/wizard-description-background-left.png"/>
        <file crc="1888280128" name="nbi/stub/ext/engine/src/org/mycompany/installer/wizard/wizard-description-background-right.png"/>
        <file crc="593468526" name="nbi/stub/ext/engine/src/org/mycompany/installer/wizard/wizard-icon.png"/>
        <file crc="4256401333" name="nbi/stub/ext/infra/build/engine/build.properties"/>
        <file crc="3762808329" name="nbi/stub/ext/infra/build/engine/build.xml"/>
        <file crc="226117779" name="nbi/stub/ext/infra/build/products/helloworld/build.properties"/>
        <file crc="1119849420" name="nbi/stub/ext/infra/build/products/helloworld/build.xml"/>
        <file crc="3241173245" name="nbi/stub/template.xml"/>
        <file crc="1332154935" name="nbi/stub/tmpl.properties"/>
    </module_version>
</module>
