<?xml version="1.0" encoding="UTF-8"?><module codename="org.netbeans.lib.profiler/1">
    <module_version install_time="1512988234673" last="true" origin="installer" specification_version="1.108">
        <file crc="2155818874" name="config/Modules/org-netbeans-lib-profiler.xml"/>
        <file crc="234665894" name="lib/deployed/jdk15/hpux-pa_risc2.0/libprofilerinterface.sl"/>
        <file crc="2819309556" name="lib/deployed/jdk15/hpux-pa_risc2.0w/libprofilerinterface.sl"/>
        <file crc="4208052095" name="lib/deployed/jdk15/linux-amd64/libprofilerinterface.so"/>
        <file crc="1022213651" name="lib/deployed/jdk15/linux/libprofilerinterface.so"/>
        <file crc="3844447974" name="lib/deployed/jdk15/mac/libprofilerinterface.jnilib"/>
        <file crc="2469217541" name="lib/deployed/jdk15/solaris-amd64/libprofilerinterface.so"/>
        <file crc="1728755964" name="lib/deployed/jdk15/solaris-i386/libprofilerinterface.so"/>
        <file crc="2922956997" name="lib/deployed/jdk15/solaris-sparc/libprofilerinterface.so"/>
        <file crc="1280008198" name="lib/deployed/jdk15/solaris-sparcv9/libprofilerinterface.so"/>
        <file crc="3119077909" name="lib/deployed/jdk15/windows-amd64/profilerinterface.dll"/>
        <file crc="1197446631" name="lib/deployed/jdk15/windows-amd64/profilerinterface.map"/>
        <file crc="2382137423" name="lib/deployed/jdk15/windows/profilerinterface.dll"/>
        <file crc="3853924216" name="lib/deployed/jdk15/windows/profilerinterface.map"/>
        <file crc="3099165103" name="lib/deployed/jdk16/hpux-pa_risc2.0/libprofilerinterface.sl"/>
        <file crc="2258844309" name="lib/deployed/jdk16/hpux-pa_risc2.0w/libprofilerinterface.sl"/>
        <file crc="955254688" name="lib/deployed/jdk16/linux-amd64/libprofilerinterface.so"/>
        <file crc="3469803982" name="lib/deployed/jdk16/linux-arm-vfp-hflt/libprofilerinterface.so"/>
        <file crc="2465343946" name="lib/deployed/jdk16/linux-arm/libprofilerinterface.so"/>
        <file crc="2202517154" name="lib/deployed/jdk16/linux/libprofilerinterface.so"/>
        <file crc="1685201587" name="lib/deployed/jdk16/mac/libprofilerinterface.jnilib"/>
        <file crc="3737568143" name="lib/deployed/jdk16/solaris-amd64/libprofilerinterface.so"/>
        <file crc="3352094240" name="lib/deployed/jdk16/solaris-i386/libprofilerinterface.so"/>
        <file crc="4073682173" name="lib/deployed/jdk16/solaris-sparc/libprofilerinterface.so"/>
        <file crc="2934160082" name="lib/deployed/jdk16/solaris-sparcv9/libprofilerinterface.so"/>
        <file crc="1105683173" name="lib/deployed/jdk16/windows-amd64/profilerinterface.dll"/>
        <file crc="418582797" name="lib/deployed/jdk16/windows-amd64/profilerinterface.map"/>
        <file crc="402168066" name="lib/deployed/jdk16/windows/profilerinterface.dll"/>
        <file crc="1318557195" name="lib/deployed/jdk16/windows/profilerinterface.map"/>
        <file crc="3801972502" name="lib/jfluid-server-15.jar"/>
        <file crc="521693108" name="lib/jfluid-server.jar"/>
        <file crc="848967668" name="lib/locale/jfluid-server_ja.jar"/>
        <file crc="2406639601" name="lib/locale/jfluid-server_zh_CN.jar"/>
        <file crc="2999566564" name="modules/locale/org-netbeans-lib-profiler_ja.jar"/>
        <file crc="996895045" name="modules/locale/org-netbeans-lib-profiler_zh_CN.jar"/>
        <file crc="2030871686" name="modules/org-netbeans-lib-profiler.jar"/>
    </module_version>
</module>
