<?xml version="1.0" encoding="UTF-8"?><module codename="org.jdesktop.layout/1">
    <module_version install_time="1557921009365" last="true" origin="installer" specification_version="1.34">
        <file crc="2204093842" name="config/Modules/org-jdesktop-layout.xml"/>
        <file crc="2328006649" name="docs/swing-layout-1.0.4-doc.zip"/>
        <file crc="3929517584" name="docs/swing-layout-1.0.4-src.zip"/>
        <file crc="2595565860" name="modules/ext/swing-layout-1.0.4.jar"/>
        <file crc="3364514861" name="modules/locale/org-jdesktop-layout_ja.jar"/>
        <file crc="1911038155" name="modules/locale/org-jdesktop-layout_zh_CN.jar"/>
        <file crc="3063937380" name="modules/org-jdesktop-layout.jar"/>
    </module_version>
</module>
