<?xml version="1.0" encoding="UTF-8"?><module codename="org.netbeans.modules.autoupdate.services">
    <module_version install_time="1557920984838" last="true" origin="installer" specification_version="1.53">
        <file crc="83784818" name="config/Modules/org-netbeans-modules-autoupdate-services.xml"/>
        <file crc="809958926" name="modules/ext/locale/updater_ja.jar"/>
        <file crc="2032424615" name="modules/ext/locale/updater_zh_CN.jar"/>
        <file crc="1127189108" name="modules/ext/updater.jar"/>
        <file crc="773943488" name="modules/locale/org-netbeans-modules-autoupdate-services_ja.jar"/>
        <file crc="2922071057" name="modules/locale/org-netbeans-modules-autoupdate-services_zh_CN.jar"/>
        <file crc="1110213121" name="modules/org-netbeans-modules-autoupdate-services.jar"/>
    </module_version>
</module>
