<?xml version="1.0" encoding="UTF-8"?><module codename="org.netbeans.libs.nbi.engine">
    <module_version install_time="1510764224391" last="true" origin="installer" specification_version="1.22">
        <file crc="2987946696" name="config/Modules/org-netbeans-libs-nbi-engine.xml"/>
        <file crc="832086779" name="modules/ext/locale/nbi-engine_ja.jar"/>
        <file crc="2623601661" name="modules/ext/locale/nbi-engine_zh_CN.jar"/>
        <file crc="2485733621" name="modules/ext/nbi-engine.jar"/>
        <file crc="1364180752" name="modules/locale/org-netbeans-libs-nbi-engine_ja.jar"/>
        <file crc="1045852965" name="modules/locale/org-netbeans-libs-nbi-engine_zh_CN.jar"/>
        <file crc="1876116979" name="modules/org-netbeans-libs-nbi-engine.jar"/>
    </module_version>
</module>
