<?xml version="1.0" encoding="UTF-8"?><module codename="org.netbeans.modules.junitlib">
    <module_version install_time="1592568580880" last="true" origin="installer" specification_version="1.12">
        <file crc="736645064" name="config/Modules/org-netbeans-modules-junitlib.xml"/>
        <file crc="2540828160" name="docs/junit-4.12-javadoc.jar"/>
        <file crc="3969448301" name="docs/junit-4.12-sources.jar"/>
        <file crc="2445110503" name="docs/junit-jupiter-api-5.5.2-javadoc.jar"/>
        <file crc="2901171537" name="docs/junit-jupiter-api-5.5.2-sources.jar"/>
        <file crc="4085699010" name="docs/junit-jupiter-engine-5.5.2-javadoc.jar"/>
        <file crc="4130378999" name="docs/junit-jupiter-engine-5.5.2-sources.jar"/>
        <file crc="3163636681" name="docs/junit-jupiter-params-5.5.2-javadoc.jar"/>
        <file crc="3290448518" name="docs/junit-jupiter-params-5.5.2-sources.jar"/>
        <file crc="2323453930" name="modules/locale/org-netbeans-modules-junitlib_ja.jar"/>
        <file crc="763719214" name="modules/locale/org-netbeans-modules-junitlib_zh_CN.jar"/>
        <file crc="4118648249" name="modules/org-netbeans-modules-junitlib.jar"/>
    </module_version>
</module>
