<?xml version="1.0" encoding="UTF-8"?><module codename="org.netbeans.bootstrap/1">
    <module_version install_time="1592568600587" last="true" origin="installer" specification_version="2.85">
        <file crc="483166389" name="lib/boot.jar"/>
        <file crc="3149582531" name="lib/locale/boot_ja.jar"/>
        <file crc="2661146206" name="lib/locale/boot_zh_CN.jar"/>
        <file crc="2204427180" name="lib/nbexec"/>
        <file crc="3345651022" name="lib/nbexec.dll"/>
        <file crc="625882055" name="lib/nbexec.exe"/>
        <file crc="2912500736" name="lib/nbexec64.dll"/>
        <file crc="3112443451" name="lib/nbexec64.exe"/>
    </module_version>
</module>
