<?xml version="1.0" encoding="UTF-8"?><module codename="org.netbeans.modules.autoupdate.services">
    <module_version install_time="1592568563117" last="true" origin="installer" specification_version="1.62">
        <file crc="83784818" name="config/Modules/org-netbeans-modules-autoupdate-services.xml"/>
        <file crc="137936724" name="modules/ext/locale/updater_ja.jar"/>
        <file crc="3518817203" name="modules/ext/locale/updater_zh_CN.jar"/>
        <file crc="4262128206" name="modules/ext/updater.jar"/>
        <file crc="2211990479" name="modules/locale/org-netbeans-modules-autoupdate-services_ja.jar"/>
        <file crc="2400823184" name="modules/locale/org-netbeans-modules-autoupdate-services_zh_CN.jar"/>
        <file crc="2952738003" name="modules/org-netbeans-modules-autoupdate-services.jar"/>
    </module_version>
</module>
