<?xml version="1.0" encoding="UTF-8"?><module codename="org.netbeans.libs.osgi">
    <module_version install_time="1592568576065" last="true" origin="installer" specification_version="1.29">
        <file crc="3882420389" name="config/Modules/org-netbeans-libs-osgi.xml"/>
        <file crc="971358898" name="modules/ext/osgi.cmpn-7.0.0.jar"/>
        <file crc="1626519391" name="modules/ext/osgi.core-7.0.0.jar"/>
        <file crc="1957901641" name="modules/locale/org-netbeans-libs-osgi_ja.jar"/>
        <file crc="2093239356" name="modules/locale/org-netbeans-libs-osgi_zh_CN.jar"/>
        <file crc="1922880852" name="modules/org-netbeans-libs-osgi.jar"/>
    </module_version>
</module>
