<?xml version="1.0" encoding="UTF-8"?><module codename="org.netbeans.libs.asm">
    <module_version install_time="1592568604760" last="true" origin="installer" specification_version="5.10">
        <file crc="1440506371" name="core/asm-7.2.jar"/>
        <file crc="1731602247" name="core/asm-commons-7.2.jar"/>
        <file crc="182869611" name="core/asm-tree-7.2.jar"/>
        <file crc="1538385850" name="core/locale/org-netbeans-libs-asm_ja.jar"/>
        <file crc="2844292436" name="core/locale/org-netbeans-libs-asm_zh_CN.jar"/>
        <file crc="2594315171" name="core/org-netbeans-libs-asm.jar"/>
    </module_version>
</module>
