<?xml version="1.0" encoding="UTF-8"?><module codename="org.netbeans.modules.apisupport.harness">
    <module_version install_time="1533649738673" last="true" origin="installer" specification_version="1.44.1">
        <file crc="123647548" name="README"/>
        <file crc="2361081766" name="antlib/bindex-2.2.jar"/>
        <file crc="2419390860" name="build.xml"/>
        <file crc="2426680141" name="common.xml"/>
        <file crc="2967796174" name="config/Modules/org-netbeans-modules-apisupport-harness.xml"/>
        <file crc="3596721181" name="etc/Info.plist"/>
        <file crc="127741316" name="etc/app.conf"/>
        <file crc="2195682192" name="etc/applicationIcon.icns"/>
        <file crc="3725685985" name="jdk.xml"/>
        <file crc="2965842666" name="jnlp.xml"/>
        <file crc="2108743571" name="jnlp/jnlp-launcher.jar"/>
        <file crc="619523513" name="launchers/app.exe"/>
        <file crc="3558779088" name="launchers/app.sh"/>
        <file crc="1253453561" name="launchers/app64.exe"/>
        <file crc="1618502330" name="launchers/pre7_app.exe"/>
        <file crc="2223057369" name="launchers/pre7_app_w.exe"/>
        <file crc="975138504" name="modules/org-netbeans-modules-apisupport-harness.jar"/>
        <file crc="1994575623" name="no-testcoverage.xml"/>
        <file crc="3105643375" name="osgi.xml"/>
        <file crc="2123073144" name="run.xml"/>
        <file crc="3046595601" name="suite.xml"/>
        <file crc="2197025072" name="tasks.jar"/>
    </module_version>
</module>
