<?xml version="1.0" encoding="UTF-8"?><module codename="org.netbeans.libs.nbi.engine">
    <module_version install_time="1533649957259" last="true" origin="installer" specification_version="1.23.1">
        <file crc="2987946696" name="config/Modules/org-netbeans-libs-nbi-engine.xml"/>
        <file crc="2221036458" name="modules/ext/locale/nbi-engine_ja.jar"/>
        <file crc="1432827769" name="modules/ext/locale/nbi-engine_zh_CN.jar"/>
        <file crc="3987345709" name="modules/ext/nbi-engine.jar"/>
        <file crc="277986169" name="modules/locale/org-netbeans-libs-nbi-engine_ja.jar"/>
        <file crc="3381799139" name="modules/locale/org-netbeans-libs-nbi-engine_zh_CN.jar"/>
        <file crc="2490122220" name="modules/org-netbeans-libs-nbi-engine.jar"/>
    </module_version>
</module>
