<?xml version="1.0" encoding="UTF-8"?><module codename="org.netbeans.modules.apisupport.harness">
    <module_version install_time="1524573747262" last="true" origin="installer" specification_version="1.43">
        <file crc="123647548" name="README"/>
        <file crc="2361081766" name="antlib/bindex-2.2.jar"/>
        <file crc="101388545" name="antlib/jsearch-2.0_05.jar"/>
        <file crc="268581702" name="build.xml"/>
        <file crc="491084889" name="common.xml"/>
        <file crc="2967796174" name="config/Modules/org-netbeans-modules-apisupport-harness.xml"/>
        <file crc="1774626494" name="etc/Info.plist"/>
        <file crc="28769309" name="etc/app.conf"/>
        <file crc="2195682192" name="etc/applicationIcon.icns"/>
        <file crc="4024428629" name="jdk.xml"/>
        <file crc="492851447" name="jnlp.xml"/>
        <file crc="2386096955" name="jnlp/jnlp-launcher.jar"/>
        <file crc="211250796" name="jnlp/jnlp-servlet.jar"/>
        <file crc="619523513" name="launchers/app.exe"/>
        <file crc="2422351501" name="launchers/app.sh"/>
        <file crc="1253453561" name="launchers/app64.exe"/>
        <file crc="1618502330" name="launchers/pre7_app.exe"/>
        <file crc="2223057369" name="launchers/pre7_app_w.exe"/>
        <file crc="634960363" name="modules/org-netbeans-modules-apisupport-harness.jar"/>
        <file crc="1644352092" name="no-testcoverage.xml"/>
        <file crc="3010115063" name="osgi.xml"/>
        <file crc="2195452586" name="run.xml"/>
        <file crc="3826327853" name="suite.xml"/>
        <file crc="2332032186" name="tasks.jar"/>
    </module_version>
</module>
