<?xml version="1.0" encoding="UTF-8"?><module codename="org.netbeans.modules.autoupdate.services">
    <module_version install_time="1533649882799" last="true" origin="installer" specification_version="1.54.1">
        <file crc="83784818" name="config/Modules/org-netbeans-modules-autoupdate-services.xml"/>
        <file crc="3121849745" name="modules/ext/locale/updater_ja.jar"/>
        <file crc="747089170" name="modules/ext/locale/updater_zh_CN.jar"/>
        <file crc="102483420" name="modules/ext/updater.jar"/>
        <file crc="580743990" name="modules/locale/org-netbeans-modules-autoupdate-services_ja.jar"/>
        <file crc="892209621" name="modules/locale/org-netbeans-modules-autoupdate-services_zh_CN.jar"/>
        <file crc="390274625" name="modules/org-netbeans-modules-autoupdate-services.jar"/>
    </module_version>
</module>
