<?xml version="1.0" encoding="UTF-8"?><module codename="org.netbeans.libs.testng/1">
    <module_version install_time="1533649917318" last="true" origin="installer" specification_version="1.16.1">
        <file crc="1204579547" name="config/Modules/org-netbeans-libs-testng.xml"/>
        <file crc="1056733017" name="docs/testng-6.8.1-javadoc.zip"/>
        <file crc="2447756561" name="modules/ext/testng-6.8.1-dist.jar"/>
        <file crc="1169167743" name="modules/locale/org-netbeans-libs-testng_ja.jar"/>
        <file crc="3721938869" name="modules/locale/org-netbeans-libs-testng_zh_CN.jar"/>
        <file crc="2230319471" name="modules/org-netbeans-libs-testng.jar"/>
    </module_version>
</module>
