<?xml version="1.0" encoding="UTF-8"?><module codename="org.netbeans.libs.junit4">
    <module_version install_time="1533649916809" last="true" origin="installer" specification_version="1.19.1">
        <file crc="3256237618" name="config/Modules/org-netbeans-libs-junit4.xml"/>
        <file crc="2893489971" name="modules/ext/hamcrest-core-1.3.jar"/>
        <file crc="1355517765" name="modules/ext/junit-4.12.jar"/>
        <file crc="1928340922" name="modules/locale/org-netbeans-libs-junit4_ja.jar"/>
        <file crc="45202217" name="modules/locale/org-netbeans-libs-junit4_zh_CN.jar"/>
        <file crc="2168602851" name="modules/org-netbeans-libs-junit4.jar"/>
    </module_version>
</module>
