<?xml version="1.0" encoding="UTF-8"?><module codename="org.netbeans.libs.osgi">
    <module_version install_time="1534342631526" last="true" origin="installer" specification_version="1.22">
        <file crc="3882420389" name="config/Modules/org-netbeans-libs-osgi.xml"/>
        <file crc="2410509284" name="modules/ext/osgi.cmpn-4.2.jar"/>
        <file crc="2012490678" name="modules/ext/osgi.core-5.0.0.jar"/>
        <file crc="3442278325" name="modules/locale/org-netbeans-libs-osgi_ja.jar"/>
        <file crc="3234619810" name="modules/locale/org-netbeans-libs-osgi_zh_CN.jar"/>
        <file crc="2882279866" name="modules/org-netbeans-libs-osgi.jar"/>
    </module_version>
</module>
