<?xml version="1.0" encoding="UTF-8"?><module codename="org.netbeans.modules.autoupdate.services">
    <module_version install_time="1534342617428" last="true" origin="installer" specification_version="1.53">
        <file crc="83784818" name="config/Modules/org-netbeans-modules-autoupdate-services.xml"/>
        <file crc="1836976386" name="modules/ext/locale/updater_ja.jar"/>
        <file crc="791868864" name="modules/ext/locale/updater_zh_CN.jar"/>
        <file crc="2536368711" name="modules/ext/updater.jar"/>
        <file crc="961873729" name="modules/locale/org-netbeans-modules-autoupdate-services_ja.jar"/>
        <file crc="589970409" name="modules/locale/org-netbeans-modules-autoupdate-services_zh_CN.jar"/>
        <file crc="907325043" name="modules/org-netbeans-modules-autoupdate-services.jar"/>
    </module_version>
</module>
