<?xml version="1.0" encoding="UTF-8"?><module codename="org.netbeans.libs.nbi.engine">
    <module_version install_time="1519736372429" last="true" origin="installer" specification_version="1.22">
        <file crc="2987946696" name="config/Modules/org-netbeans-libs-nbi-engine.xml"/>
        <file crc="1910943458" name="modules/ext/locale/nbi-engine_ja.jar"/>
        <file crc="2640957683" name="modules/ext/locale/nbi-engine_zh_CN.jar"/>
        <file crc="1164396753" name="modules/ext/nbi-engine.jar"/>
        <file crc="3488046903" name="modules/locale/org-netbeans-libs-nbi-engine_ja.jar"/>
        <file crc="889915709" name="modules/locale/org-netbeans-libs-nbi-engine_zh_CN.jar"/>
        <file crc="784951902" name="modules/org-netbeans-libs-nbi-engine.jar"/>
    </module_version>
</module>
