<?xml version="1.0" encoding="UTF-8"?><module codename="org.netbeans.modules.autoupdate.services">
    <module_version install_time="1570538081593" last="true" origin="installer" specification_version="1.58">
        <file crc="83784818" name="config/Modules/org-netbeans-modules-autoupdate-services.xml"/>
        <file crc="2078154718" name="modules/ext/locale/updater_ja.jar"/>
        <file crc="1901157982" name="modules/ext/locale/updater_zh_CN.jar"/>
        <file crc="793574427" name="modules/ext/updater.jar"/>
        <file crc="4058721024" name="modules/locale/org-netbeans-modules-autoupdate-services_ja.jar"/>
        <file crc="1885355205" name="modules/locale/org-netbeans-modules-autoupdate-services_zh_CN.jar"/>
        <file crc="1433723461" name="modules/org-netbeans-modules-autoupdate-services.jar"/>
    </module_version>
</module>
