<?xml version="1.0" encoding="UTF-8"?><module codename="org.netbeans.libs.osgi">
    <module_version install_time="1570538098903" last="true" origin="installer" specification_version="1.27">
        <file crc="3882420389" name="config/Modules/org-netbeans-libs-osgi.xml"/>
        <file crc="971358898" name="modules/ext/osgi.cmpn-7.0.0.jar"/>
        <file crc="1626519391" name="modules/ext/osgi.core-7.0.0.jar"/>
        <file crc="2521609866" name="modules/locale/org-netbeans-libs-osgi_ja.jar"/>
        <file crc="3125662775" name="modules/locale/org-netbeans-libs-osgi_zh_CN.jar"/>
        <file crc="2049746084" name="modules/org-netbeans-libs-osgi.jar"/>
    </module_version>
</module>
