<?xml version="1.0" encoding="UTF-8"?><module codename="org.netbeans.libs.nbi.ant">
    <module_version install_time="1512987962497" last="true" origin="installer" specification_version="1.23">
        <file crc="55657938" name="config/Modules/org-netbeans-libs-nbi-ant.xml"/>
        <file crc="3364702146" name="modules/ext/nbi-ant-tasks.jar"/>
        <file crc="3662502095" name="modules/ext/nbi-registries-management.jar"/>
        <file crc="805007379" name="modules/org-netbeans-libs-nbi-ant.jar"/>
        <file crc="407403085" name="nbi/.common/common.properties"/>
        <file crc="1179254606" name="nbi/.common/common.xml"/>
        <file crc="147701415" name="nbi/.common/engine.properties"/>
        <file crc="895017627" name="nbi/.common/engine.xml"/>
        <file crc="1991675804" name="nbi/.common/group.properties"/>
        <file crc="1742156923" name="nbi/.common/group.xml"/>
        <file crc="2400693703" name="nbi/.common/product.properties"/>
        <file crc="2061739151" name="nbi/.common/product.xml"/>
        <file crc="2328983812" name="nbi/stub/build.properties"/>
        <file crc="2694210987" name="nbi/stub/build.xml"/>
        <file crc="859003744" name="nbi/stub/ext/components/products/helloworld/build.xml"/>
        <file crc="4125211067" name="nbi/stub/ext/components/products/helloworld/data/Bundle.properties"/>
        <file crc="3752349762" name="nbi/stub/ext/components/products/helloworld/data/icon.png"/>
        <file crc="773200671" name="nbi/stub/ext/components/products/helloworld/data/icon48.png"/>
        <file crc="1761515161" name="nbi/stub/ext/components/products/helloworld/manifest.mf"/>
        <file crc="1667142793" name="nbi/stub/ext/components/products/helloworld/nbproject/build-impl.xml"/>
        <file crc="4281027625" name="nbi/stub/ext/components/products/helloworld/nbproject/genfiles.properties"/>
        <file crc="3058124132" name="nbi/stub/ext/components/products/helloworld/nbproject/project.properties"/>
        <file crc="1156074790" name="nbi/stub/ext/components/products/helloworld/nbproject/project.xml"/>
        <file crc="3233880846" name="nbi/stub/ext/components/products/helloworld/src/org/mycompany/Bundle.properties"/>
        <file crc="2292412839" name="nbi/stub/ext/components/products/helloworld/src/org/mycompany/ConfigurationLogic.java"/>
        <file crc="3107743963" name="nbi/stub/ext/components/products/helloworld/src/org/mycompany/wizard.xml"/>
        <file crc="4189437657" name="nbi/stub/ext/components/products/helloworld/src/org/mycompany/wizard/panels/Bundle.properties"/>
        <file crc="2530853944" name="nbi/stub/ext/components/products/helloworld/src/org/mycompany/wizard/panels/HelloWorldPanel.java"/>
        <file crc="2552295014" name="nbi/stub/ext/engine/build.properties"/>
        <file crc="688156108" name="nbi/stub/ext/engine/build.xml"/>
        <file crc="1737427026" name="nbi/stub/ext/engine/manifest.mf"/>
        <file crc="2401327545" name="nbi/stub/ext/engine/nbproject/build-impl.xml"/>
        <file crc="3197588034" name="nbi/stub/ext/engine/nbproject/genfiles.properties"/>
        <file crc="3855921740" name="nbi/stub/ext/engine/nbproject/project.properties"/>
        <file crc="2363396312" name="nbi/stub/ext/engine/nbproject/project.xml"/>
        <file crc="3652990689" name="nbi/stub/ext/engine/src/data/engine.properties"/>
        <file crc="2769084789" name="nbi/stub/ext/engine/src/native/launcher/unix/i18n/launcher.properties"/>
        <file crc="2394542483" name="nbi/stub/ext/engine/src/native/launcher/windows/i18n/launcher.properties"/>
        <file crc="3548830920" name="nbi/stub/ext/engine/src/org/mycompany/installer/utils/applications/Bundle.properties"/>
        <file crc="3185974613" name="nbi/stub/ext/engine/src/org/mycompany/installer/utils/applications/NetBeansRCPUtils.java"/>
        <file crc="4088226380" name="nbi/stub/ext/engine/src/org/mycompany/installer/wizard/components/actions/Bundle.properties"/>
        <file crc="2952883616" name="nbi/stub/ext/engine/src/org/mycompany/installer/wizard/components/actions/InitializeAction.java"/>
        <file crc="1308814884" name="nbi/stub/ext/engine/src/org/mycompany/installer/wizard/components/panels/Bundle.properties"/>
        <file crc="284100888" name="nbi/stub/ext/engine/src/org/mycompany/installer/wizard/components/panels/PostInstallSummaryPanel.java"/>
        <file crc="435405587" name="nbi/stub/ext/engine/src/org/mycompany/installer/wizard/components/panels/PreInstallSummaryPanel.java"/>
        <file crc="3714800458" name="nbi/stub/ext/engine/src/org/mycompany/installer/wizard/components/panels/WelcomePanel.java"/>
        <file crc="2194536363" name="nbi/stub/ext/engine/src/org/mycompany/installer/wizard/components/panels/resources/welcome-left-bottom.png"/>
        <file crc="1907745537" name="nbi/stub/ext/engine/src/org/mycompany/installer/wizard/components/panels/resources/welcome-left-top.png"/>
        <file crc="2976238364" name="nbi/stub/ext/engine/src/org/mycompany/installer/wizard/components/sequences/Bundle.properties"/>
        <file crc="2917131810" name="nbi/stub/ext/engine/src/org/mycompany/installer/wizard/components/sequences/MainSequence.java"/>
        <file crc="1205764791" name="nbi/stub/ext/engine/src/org/mycompany/installer/wizard/wizard-components.xml"/>
        <file crc="639617652" name="nbi/stub/ext/engine/src/org/mycompany/installer/wizard/wizard-description-background-left.png"/>
        <file crc="1888280128" name="nbi/stub/ext/engine/src/org/mycompany/installer/wizard/wizard-description-background-right.png"/>
        <file crc="3752349762" name="nbi/stub/ext/engine/src/org/mycompany/installer/wizard/wizard-icon.png"/>
        <file crc="3177061498" name="nbi/stub/ext/infra/build/engine/build.properties"/>
        <file crc="1894257691" name="nbi/stub/ext/infra/build/engine/build.xml"/>
        <file crc="523080298" name="nbi/stub/ext/infra/build/products/helloworld/build.properties"/>
        <file crc="4129236206" name="nbi/stub/ext/infra/build/products/helloworld/build.xml"/>
        <file crc="2094191471" name="nbi/stub/template.xml"/>
        <file crc="2240121411" name="nbi/stub/tmpl.properties"/>
    </module_version>
</module>
