<?xml version="1.0" encoding="UTF-8"?><module codename="org.netbeans.lib.profiler/1">
    <module_version install_time="1518110584388" last="true" origin="installer" specification_version="1.109">
        <file crc="2155818874" name="config/Modules/org-netbeans-lib-profiler.xml"/>
        <file crc="2995719193" name="lib/deployed/cvm/linux/libprofilerinterface.so"/>
        <file crc="2627201476" name="lib/deployed/cvm/linux/libprofilerinterface_g.so"/>
        <file crc="55466586" name="lib/deployed/cvm/windows/profilerinterface.dll"/>
        <file crc="2193204800" name="lib/deployed/cvm/windows/profilerinterface.map"/>
        <file crc="4211984396" name="lib/deployed/cvm/windows/profilerinterface_g.dll"/>
        <file crc="3063216499" name="lib/deployed/cvm/windows/profilerinterface_g.map"/>
        <file crc="234665894" name="lib/deployed/jdk15/hpux-pa_risc2.0/libprofilerinterface.sl"/>
        <file crc="2819309556" name="lib/deployed/jdk15/hpux-pa_risc2.0w/libprofilerinterface.sl"/>
        <file crc="4208052095" name="lib/deployed/jdk15/linux-amd64/libprofilerinterface.so"/>
        <file crc="1022213651" name="lib/deployed/jdk15/linux/libprofilerinterface.so"/>
        <file crc="3844447974" name="lib/deployed/jdk15/mac/libprofilerinterface.jnilib"/>
        <file crc="2469217541" name="lib/deployed/jdk15/solaris-amd64/libprofilerinterface.so"/>
        <file crc="1728755964" name="lib/deployed/jdk15/solaris-i386/libprofilerinterface.so"/>
        <file crc="2922956997" name="lib/deployed/jdk15/solaris-sparc/libprofilerinterface.so"/>
        <file crc="1280008198" name="lib/deployed/jdk15/solaris-sparcv9/libprofilerinterface.so"/>
        <file crc="3119077909" name="lib/deployed/jdk15/windows-amd64/profilerinterface.dll"/>
        <file crc="1197446631" name="lib/deployed/jdk15/windows-amd64/profilerinterface.map"/>
        <file crc="2382137423" name="lib/deployed/jdk15/windows/profilerinterface.dll"/>
        <file crc="3853924216" name="lib/deployed/jdk15/windows/profilerinterface.map"/>
        <file crc="3099165103" name="lib/deployed/jdk16/hpux-pa_risc2.0/libprofilerinterface.sl"/>
        <file crc="2258844309" name="lib/deployed/jdk16/hpux-pa_risc2.0w/libprofilerinterface.sl"/>
        <file crc="955254688" name="lib/deployed/jdk16/linux-amd64/libprofilerinterface.so"/>
        <file crc="3469803982" name="lib/deployed/jdk16/linux-arm-vfp-hflt/libprofilerinterface.so"/>
        <file crc="2465343946" name="lib/deployed/jdk16/linux-arm/libprofilerinterface.so"/>
        <file crc="2202517154" name="lib/deployed/jdk16/linux/libprofilerinterface.so"/>
        <file crc="1685201587" name="lib/deployed/jdk16/mac/libprofilerinterface.jnilib"/>
        <file crc="3737568143" name="lib/deployed/jdk16/solaris-amd64/libprofilerinterface.so"/>
        <file crc="3352094240" name="lib/deployed/jdk16/solaris-i386/libprofilerinterface.so"/>
        <file crc="4073682173" name="lib/deployed/jdk16/solaris-sparc/libprofilerinterface.so"/>
        <file crc="2934160082" name="lib/deployed/jdk16/solaris-sparcv9/libprofilerinterface.so"/>
        <file crc="1105683173" name="lib/deployed/jdk16/windows-amd64/profilerinterface.dll"/>
        <file crc="418582797" name="lib/deployed/jdk16/windows-amd64/profilerinterface.map"/>
        <file crc="402168066" name="lib/deployed/jdk16/windows/profilerinterface.dll"/>
        <file crc="1318557195" name="lib/deployed/jdk16/windows/profilerinterface.map"/>
        <file crc="3244885314" name="lib/jfluid-server-15.jar"/>
        <file crc="925754638" name="lib/jfluid-server-cvm.jar"/>
        <file crc="3049882720" name="lib/jfluid-server.jar"/>
        <file crc="177036038" name="lib/locale/jfluid-server_ja.jar"/>
        <file crc="3800648842" name="lib/locale/jfluid-server_zh_CN.jar"/>
        <file crc="3864220853" name="modules/locale/org-netbeans-lib-profiler_ja.jar"/>
        <file crc="2679481812" name="modules/locale/org-netbeans-lib-profiler_zh_CN.jar"/>
        <file crc="48433141" name="modules/org-netbeans-lib-profiler.jar"/>
        <file crc="3699355800" name="remote-pack-defs/README.txt"/>
        <file crc="4247936277" name="remote-pack-defs/build.xml"/>
        <file crc="3621195125" name="remote-pack-defs/calibrate-15.bat"/>
        <file crc="2183504051" name="remote-pack-defs/calibrate-15.sh"/>
        <file crc="4126934084" name="remote-pack-defs/calibrate-16.sh"/>
        <file crc="2127322892" name="remote-pack-defs/calibrate-linux-cvm.sh"/>
        <file crc="126936246" name="remote-pack-defs/calibrate-mac-15.sh"/>
        <file crc="2533721915" name="remote-pack-defs/calibrate-solaris64-15.sh"/>
        <file crc="3755855347" name="remote-pack-defs/calibrate-win-cvm.bat"/>
        <file crc="822140990" name="remote-pack-defs/nb-profile-15.bat"/>
        <file crc="1944825884" name="remote-pack-defs/nb-profile-amd64-15.bat"/>
        <file crc="3011457329" name="remote-pack-defs/profile-linux-15.sh"/>
        <file crc="3167292128" name="remote-pack-defs/profile-linux-16.sh"/>
        <file crc="2028865115" name="remote-pack-defs/profile-linux-cvm.sh"/>
        <file crc="1084338189" name="remote-pack-defs/profile-linuxamd64-15.sh"/>
        <file crc="3462234565" name="remote-pack-defs/profile-linuxamd64-16.sh"/>
        <file crc="1364123214" name="remote-pack-defs/profile-linuxarm-16.sh"/>
        <file crc="1244614310" name="remote-pack-defs/profile-linuxarmvfphflt-16.sh"/>
        <file crc="2728302510" name="remote-pack-defs/profile-mac-15.sh"/>
        <file crc="3316864419" name="remote-pack-defs/profile-mac-16.sh"/>
        <file crc="4029277871" name="remote-pack-defs/profile-solamd64-15.sh"/>
        <file crc="264291585" name="remote-pack-defs/profile-solamd64-16.sh"/>
        <file crc="3870098344" name="remote-pack-defs/profile-solsparc-15.sh"/>
        <file crc="3099677642" name="remote-pack-defs/profile-solsparc-16.sh"/>
        <file crc="1760896798" name="remote-pack-defs/profile-solsparcv9-15.sh"/>
        <file crc="1499742418" name="remote-pack-defs/profile-solsparcv9-16.sh"/>
        <file crc="48944283" name="remote-pack-defs/profile-solx86-15.sh"/>
        <file crc="1343686427" name="remote-pack-defs/profile-solx86-16.sh"/>
        <file crc="2304446761" name="remote-pack-defs/profile-win-15.bat"/>
        <file crc="934260665" name="remote-pack-defs/profile-win-16.bat"/>
        <file crc="3201001247" name="remote-pack-defs/profile-win-cvm.bat"/>
        <file crc="527396734" name="remote-pack-defs/profile-winamd64-15.bat"/>
        <file crc="554849355" name="remote-pack-defs/profile-winamd64-16.bat"/>
    </module_version>
</module>
