<?xml version="1.0" encoding="UTF-8"?><module codename="org.netbeans.modules.apisupport.harness">
    <module_version install_time="1475404504727" last="true" origin="installer" specification_version="1.39.2">
        <file crc="123647548" name="README"/>
        <file crc="2361081766" name="antlib/bindex-2.2.jar"/>
        <file crc="101388545" name="antlib/jsearch-2.0_05.jar"/>
        <file crc="3762876293" name="build.xml"/>
        <file crc="1943888865" name="common.xml"/>
        <file crc="2967796174" name="config/Modules/org-netbeans-modules-apisupport-harness.xml"/>
        <file crc="1289644161" name="etc/Info.plist"/>
        <file crc="271397868" name="etc/app.conf"/>
        <file crc="2195682192" name="etc/applicationIcon.icns"/>
        <file crc="1698694818" name="jdk.xml"/>
        <file crc="3745240468" name="jnlp.xml"/>
        <file crc="3342470279" name="jnlp/jnlp-launcher.jar"/>
        <file crc="211250796" name="jnlp/jnlp-servlet.jar"/>
        <file crc="619523513" name="launchers/app.exe"/>
        <file crc="2944628940" name="launchers/app.sh"/>
        <file crc="1253453561" name="launchers/app64.exe"/>
        <file crc="1618502330" name="launchers/pre7_app.exe"/>
        <file crc="2223057369" name="launchers/pre7_app_w.exe"/>
        <file crc="245575809" name="modules/locale/org-netbeans-modules-apisupport-harness_ja.jar"/>
        <file crc="2840732807" name="modules/locale/org-netbeans-modules-apisupport-harness_zh_CN.jar"/>
        <file crc="1607089064" name="modules/org-netbeans-modules-apisupport-harness.jar"/>
        <file crc="1644352092" name="no-testcoverage.xml"/>
        <file crc="3495537136" name="osgi.xml"/>
        <file crc="3791548449" name="run.xml"/>
        <file crc="3826327853" name="suite.xml"/>
        <file crc="2968804481" name="tasks.jar"/>
    </module_version>
</module>
