<?xml version="1.0" encoding="UTF-8"?><module codename="org.netbeans.libs.nbi.engine">
    <module_version install_time="1475404521765" last="true" origin="installer" specification_version="1.18.1">
        <file crc="2987946696" name="config/Modules/org-netbeans-libs-nbi-engine.xml"/>
        <file crc="591678249" name="modules/ext/locale/nbi-engine_ja.jar"/>
        <file crc="2955879964" name="modules/ext/locale/nbi-engine_zh_CN.jar"/>
        <file crc="4194127635" name="modules/ext/nbi-engine.jar"/>
        <file crc="4074739614" name="modules/locale/org-netbeans-libs-nbi-engine_ja.jar"/>
        <file crc="4208419276" name="modules/locale/org-netbeans-libs-nbi-engine_zh_CN.jar"/>
        <file crc="794192653" name="modules/org-netbeans-libs-nbi-engine.jar"/>
    </module_version>
</module>
