<?xml version="1.0" encoding="UTF-8"?><module codename="org.netbeans.libs.nbi.engine">
    <module_version install_time="1568807135192" last="true" origin="installer" specification_version="1.22">
        <file crc="2987946696" name="config/Modules/org-netbeans-libs-nbi-engine.xml"/>
        <file crc="2771130174" name="modules/ext/locale/nbi-engine_ja.jar"/>
        <file crc="1278101235" name="modules/ext/locale/nbi-engine_zh_CN.jar"/>
        <file crc="2966984654" name="modules/ext/nbi-engine.jar"/>
        <file crc="435346006" name="modules/locale/org-netbeans-libs-nbi-engine_ja.jar"/>
        <file crc="2757788501" name="modules/locale/org-netbeans-libs-nbi-engine_zh_CN.jar"/>
        <file crc="2293026508" name="modules/org-netbeans-libs-nbi-engine.jar"/>
    </module_version>
</module>
