<?xml version="1.0" encoding="UTF-8"?>
<!DOCTYPE filesystem PUBLIC "-//NetBeans//DTD Filesystem 1.1//EN" "http://www.netbeans.org/dtds/filesystem-1_1.dtd">
<filesystem>
    <folder name="VisualVM">
        <folder name="ExplorerPopupSelection">
            <file name="org-visualvm-demoapplicationtype-AnagramAction.instance">
                <attr name="SystemFileSystem.localizingBundle" stringvalue="org.visualvm.demoapplicationtype.Bundle"/>
                <attr name="position" intvalue="3000"/>
            </file>
        </folder>
    </folder>
</filesystem>
