<?xml version="1.0" encoding="UTF-8"?><module codename="org.netbeans.modules.autoupdate.services">
    <module_version install_time="1568807076140" last="true" origin="installer" specification_version="1.53">
        <file crc="83784818" name="config/Modules/org-netbeans-modules-autoupdate-services.xml"/>
        <file crc="4058365332" name="modules/ext/locale/updater_ja.jar"/>
        <file crc="3865333446" name="modules/ext/locale/updater_zh_CN.jar"/>
        <file crc="1372880992" name="modules/ext/updater.jar"/>
        <file crc="3270429116" name="modules/locale/org-netbeans-modules-autoupdate-services_ja.jar"/>
        <file crc="3073551101" name="modules/locale/org-netbeans-modules-autoupdate-services_zh_CN.jar"/>
        <file crc="2431140402" name="modules/org-netbeans-modules-autoupdate-services.jar"/>
    </module_version>
</module>
