<?xml version="1.0" encoding="UTF-8"?><module codename="org.netbeans.libs.nbi.engine">
    <module_version install_time="1592568615401" last="true" origin="installer" specification_version="1.28">
        <file crc="2987946696" name="config/Modules/org-netbeans-libs-nbi-engine.xml"/>
        <file crc="3198798136" name="modules/ext/locale/nbi-engine_ja.jar"/>
        <file crc="2762641929" name="modules/ext/locale/nbi-engine_zh_CN.jar"/>
        <file crc="2693451348" name="modules/ext/nbi-engine.jar"/>
        <file crc="2261722668" name="modules/locale/org-netbeans-libs-nbi-engine_ja.jar"/>
        <file crc="2727570072" name="modules/locale/org-netbeans-libs-nbi-engine_zh_CN.jar"/>
        <file crc="3547463014" name="modules/org-netbeans-libs-nbi-engine.jar"/>
    </module_version>
</module>
