<?xml version="1.0" encoding="UTF-8"?><module codename="org.netbeans.lib.profiler/1">
    <module_version install_time="1568806920271" last="true" origin="installer" specification_version="1.113">
        <file crc="2155818874" name="config/Modules/org-netbeans-lib-profiler.xml"/>
        <file crc="234665894" name="lib/deployed/jdk15/hpux-pa_risc2.0/libprofilerinterface.sl"/>
        <file crc="2819309556" name="lib/deployed/jdk15/hpux-pa_risc2.0w/libprofilerinterface.sl"/>
        <file crc="3307852847" name="lib/deployed/jdk15/linux-amd64/libprofilerinterface.so"/>
        <file crc="3801167831" name="lib/deployed/jdk15/linux/libprofilerinterface.so"/>
        <file crc="1392293373" name="lib/deployed/jdk15/mac/libprofilerinterface.jnilib"/>
        <file crc="765724799" name="lib/deployed/jdk15/solaris-amd64/libprofilerinterface.so"/>
        <file crc="458284220" name="lib/deployed/jdk15/solaris-i386/libprofilerinterface.so"/>
        <file crc="1283160813" name="lib/deployed/jdk15/solaris-sparc/libprofilerinterface.so"/>
        <file crc="2106211783" name="lib/deployed/jdk15/solaris-sparcv9/libprofilerinterface.so"/>
        <file crc="4035077681" name="lib/deployed/jdk15/windows-amd64/profilerinterface.dll"/>
        <file crc="1197446631" name="lib/deployed/jdk15/windows-amd64/profilerinterface.map"/>
        <file crc="2959921567" name="lib/deployed/jdk15/windows/profilerinterface.dll"/>
        <file crc="3853924216" name="lib/deployed/jdk15/windows/profilerinterface.map"/>
        <file crc="3099165103" name="lib/deployed/jdk16/hpux-pa_risc2.0/libprofilerinterface.sl"/>
        <file crc="2258844309" name="lib/deployed/jdk16/hpux-pa_risc2.0w/libprofilerinterface.sl"/>
        <file crc="910353868" name="lib/deployed/jdk16/linux-amd64/libprofilerinterface.so"/>
        <file crc="1189183556" name="lib/deployed/jdk16/linux-arm-vfp-hflt/libprofilerinterface.so"/>
        <file crc="965491102" name="lib/deployed/jdk16/linux-arm/libprofilerinterface.so"/>
        <file crc="141114251" name="lib/deployed/jdk16/linux/libprofilerinterface.so"/>
        <file crc="1941572026" name="lib/deployed/jdk16/mac/libprofilerinterface.jnilib"/>
        <file crc="2112031242" name="lib/deployed/jdk16/solaris-amd64/libprofilerinterface.so"/>
        <file crc="2612021419" name="lib/deployed/jdk16/solaris-i386/libprofilerinterface.so"/>
        <file crc="2896629243" name="lib/deployed/jdk16/solaris-sparc/libprofilerinterface.so"/>
        <file crc="537921962" name="lib/deployed/jdk16/solaris-sparcv9/libprofilerinterface.so"/>
        <file crc="3050975338" name="lib/deployed/jdk16/windows-amd64/profilerinterface.dll"/>
        <file crc="3327565982" name="lib/deployed/jdk16/windows-amd64/profilerinterface.map"/>
        <file crc="3866253727" name="lib/deployed/jdk16/windows/profilerinterface.dll"/>
        <file crc="536560012" name="lib/deployed/jdk16/windows/profilerinterface.map"/>
        <file crc="2152796291" name="lib/jfluid-server-15.jar"/>
        <file crc="1884567260" name="lib/jfluid-server.jar"/>
        <file crc="811545248" name="modules/org-netbeans-lib-profiler.jar"/>
    </module_version>
</module>
