<?xml version="1.0" encoding="UTF-8"?><module codename="org.netbeans.libs.nbi.engine">
    <module_version install_time="1518438255231" last="true" origin="installer" specification_version="1.22">
        <file crc="2987946696" name="config/Modules/org-netbeans-libs-nbi-engine.xml"/>
        <file crc="1369282887" name="modules/ext/locale/nbi-engine_ja.jar"/>
        <file crc="4277390919" name="modules/ext/locale/nbi-engine_zh_CN.jar"/>
        <file crc="4109462131" name="modules/ext/nbi-engine.jar"/>
        <file crc="3780843773" name="modules/locale/org-netbeans-libs-nbi-engine_ja.jar"/>
        <file crc="435905801" name="modules/locale/org-netbeans-libs-nbi-engine_zh_CN.jar"/>
        <file crc="2891013257" name="modules/org-netbeans-libs-nbi-engine.jar"/>
    </module_version>
</module>
