<?xml version="1.0" encoding="UTF-8"?><module codename="org.netbeans.libs.nbi.engine">
    <module_version install_time="1534342667521" last="true" origin="installer" specification_version="1.22">
        <file crc="2987946696" name="config/Modules/org-netbeans-libs-nbi-engine.xml"/>
        <file crc="4099709003" name="modules/ext/locale/nbi-engine_ja.jar"/>
        <file crc="1325068942" name="modules/ext/locale/nbi-engine_zh_CN.jar"/>
        <file crc="303298546" name="modules/ext/nbi-engine.jar"/>
        <file crc="2193017774" name="modules/locale/org-netbeans-libs-nbi-engine_ja.jar"/>
        <file crc="673324670" name="modules/locale/org-netbeans-libs-nbi-engine_zh_CN.jar"/>
        <file crc="3840730329" name="modules/org-netbeans-libs-nbi-engine.jar"/>
    </module_version>
</module>
