<?xml version="1.0" encoding="UTF-8"?><module codename="org.netbeans.libs.osgi">
    <module_version install_time="1519736349227" last="true" origin="installer" specification_version="1.22">
        <file crc="3882420389" name="config/Modules/org-netbeans-libs-osgi.xml"/>
        <file crc="2080533559" name="modules/ext/org.osgi.compendium-4.2.0.jar"/>
        <file crc="2012490678" name="modules/ext/osgi.core-5.0.0.jar"/>
        <file crc="914695165" name="modules/locale/org-netbeans-libs-osgi_ja.jar"/>
        <file crc="3226644216" name="modules/locale/org-netbeans-libs-osgi_zh_CN.jar"/>
        <file crc="2694573169" name="modules/org-netbeans-libs-osgi.jar"/>
    </module_version>
</module>
