<?xml version="1.0" encoding="UTF-8"?><module codename="org.netbeans.modules.autoupdate.services">
    <module_version install_time="1519736338295" last="true" origin="installer" specification_version="1.53">
        <file crc="83784818" name="config/Modules/org-netbeans-modules-autoupdate-services.xml"/>
        <file crc="1466783694" name="modules/ext/locale/updater_ja.jar"/>
        <file crc="209861317" name="modules/ext/locale/updater_zh_CN.jar"/>
        <file crc="4217852601" name="modules/ext/updater.jar"/>
        <file crc="1072222640" name="modules/locale/org-netbeans-modules-autoupdate-services_ja.jar"/>
        <file crc="4068498699" name="modules/locale/org-netbeans-modules-autoupdate-services_zh_CN.jar"/>
        <file crc="386063492" name="modules/org-netbeans-modules-autoupdate-services.jar"/>
    </module_version>
</module>
