<?xml version="1.0" encoding="UTF-8"?><module codename="org.netbeans.libs.nbi.engine">
    <module_version install_time="1557921066781" last="true" origin="installer" specification_version="1.22">
        <file crc="2987946696" name="config/Modules/org-netbeans-libs-nbi-engine.xml"/>
        <file crc="73854105" name="modules/ext/locale/nbi-engine_ja.jar"/>
        <file crc="1297864427" name="modules/ext/locale/nbi-engine_zh_CN.jar"/>
        <file crc="1220010702" name="modules/ext/nbi-engine.jar"/>
        <file crc="2409374151" name="modules/locale/org-netbeans-libs-nbi-engine_ja.jar"/>
        <file crc="1462723387" name="modules/locale/org-netbeans-libs-nbi-engine_zh_CN.jar"/>
        <file crc="3169047363" name="modules/org-netbeans-libs-nbi-engine.jar"/>
    </module_version>
</module>
