<?xml version="1.0" encoding="UTF-8"?><module codename="org.netbeans.modules.autoupdate.services">
    <module_version install_time="1518438223411" last="true" origin="installer" specification_version="1.53">
        <file crc="83784818" name="config/Modules/org-netbeans-modules-autoupdate-services.xml"/>
        <file crc="1807983302" name="modules/ext/locale/updater_ja.jar"/>
        <file crc="2482436238" name="modules/ext/locale/updater_zh_CN.jar"/>
        <file crc="3873605431" name="modules/ext/updater.jar"/>
        <file crc="3112941255" name="modules/locale/org-netbeans-modules-autoupdate-services_ja.jar"/>
        <file crc="3739626472" name="modules/locale/org-netbeans-modules-autoupdate-services_zh_CN.jar"/>
        <file crc="2643254537" name="modules/org-netbeans-modules-autoupdate-services.jar"/>
    </module_version>
</module>
