<?xml version="1.0" encoding="UTF-8"?><module codename="org.netbeans.modules.junitlib">
    <module_version install_time="1518438237329" last="true" origin="installer" specification_version="1.5">
        <file crc="736645064" name="config/Modules/org-netbeans-modules-junitlib.xml"/>
        <file crc="2540828160" name="docs/junit-4.12-javadoc.jar"/>
        <file crc="3969448301" name="docs/junit-4.12-sources.jar"/>
        <file crc="2467186361" name="modules/locale/org-netbeans-modules-junitlib_ja.jar"/>
        <file crc="3393265661" name="modules/locale/org-netbeans-modules-junitlib_zh_CN.jar"/>
        <file crc="3722015378" name="modules/org-netbeans-modules-junitlib.jar"/>
    </module_version>
</module>
