<?xml version="1.0" encoding="UTF-8"?><module codename="org.netbeans.libs.nbi.engine">
    <module_version install_time="1570538138463" last="true" origin="installer" specification_version="1.26">
        <file crc="2987946696" name="config/Modules/org-netbeans-libs-nbi-engine.xml"/>
        <file crc="2662416983" name="modules/ext/locale/nbi-engine_ja.jar"/>
        <file crc="485995679" name="modules/ext/locale/nbi-engine_zh_CN.jar"/>
        <file crc="2189401785" name="modules/ext/nbi-engine.jar"/>
        <file crc="393229672" name="modules/locale/org-netbeans-libs-nbi-engine_ja.jar"/>
        <file crc="339381351" name="modules/locale/org-netbeans-libs-nbi-engine_zh_CN.jar"/>
        <file crc="4115935490" name="modules/org-netbeans-libs-nbi-engine.jar"/>
    </module_version>
</module>
