<?xml version="1.0" encoding="UTF-8"?><module codename="org.netbeans.libs.nbi.engine">
    <module_version install_time="1518110571873" last="true" origin="installer" specification_version="1.22">
        <file crc="2987946696" name="config/Modules/org-netbeans-libs-nbi-engine.xml"/>
        <file crc="899126482" name="modules/ext/locale/nbi-engine_ja.jar"/>
        <file crc="555627508" name="modules/ext/locale/nbi-engine_zh_CN.jar"/>
        <file crc="3381547516" name="modules/ext/nbi-engine.jar"/>
        <file crc="4294797823" name="modules/locale/org-netbeans-libs-nbi-engine_ja.jar"/>
        <file crc="3267214260" name="modules/locale/org-netbeans-libs-nbi-engine_zh_CN.jar"/>
        <file crc="3067243805" name="modules/org-netbeans-libs-nbi-engine.jar"/>
    </module_version>
</module>
