<?xml version="1.0" encoding="UTF-8"?><module codename="org.netbeans.libs.nbi.engine">
    <module_version install_time="1512988223611" last="true" origin="installer" specification_version="1.22">
        <file crc="2987946696" name="config/Modules/org-netbeans-libs-nbi-engine.xml"/>
        <file crc="2092955968" name="modules/ext/locale/nbi-engine_ja.jar"/>
        <file crc="3432434720" name="modules/ext/locale/nbi-engine_zh_CN.jar"/>
        <file crc="3870657548" name="modules/ext/nbi-engine.jar"/>
        <file crc="85586543" name="modules/locale/org-netbeans-libs-nbi-engine_ja.jar"/>
        <file crc="3652488135" name="modules/locale/org-netbeans-libs-nbi-engine_zh_CN.jar"/>
        <file crc="16817506" name="modules/org-netbeans-libs-nbi-engine.jar"/>
    </module_version>
</module>
