<?xml version="1.0" encoding="UTF-8"?><module codename="org.netbeans.modules.autoupdate.services">
    <module_version install_time="1512988176351" last="true" origin="installer" specification_version="1.53">
        <file crc="83784818" name="config/Modules/org-netbeans-modules-autoupdate-services.xml"/>
        <file crc="1137607509" name="modules/ext/locale/updater_ja.jar"/>
        <file crc="1247758469" name="modules/ext/locale/updater_zh_CN.jar"/>
        <file crc="4247921960" name="modules/ext/updater.jar"/>
        <file crc="3201832618" name="modules/locale/org-netbeans-modules-autoupdate-services_ja.jar"/>
        <file crc="24664321" name="modules/locale/org-netbeans-modules-autoupdate-services_zh_CN.jar"/>
        <file crc="3890127972" name="modules/org-netbeans-modules-autoupdate-services.jar"/>
    </module_version>
</module>
